{
	"{{id}}": {
		"isEnabled": true,
		"currentItem": 0,
		"shift": 0,
		"rotation": 0,
		"sensitivity": 0.17,
		"radius": 500,
		"perspectiveOrigin": -100,
		"type": "horizontal",
		"rotationDirection": "both",
		"isSnap": true,
		"animate": {
			"name": "fadeIn",
			"delay": 0.5,
			"duration": 2,
			"infinite": false,
			"disabled": true,
			"init-state": "hide"
		},
		"items": [
			{
				"text": {
					"html": "t.{{id}}_text1"
				},
				"imagemodel": {
					"position": "center center"
				},
				"nav": {
					"event": "tap",
					"disabled": false,
					"slide": ""
				}
			},
			{
				"text": {
					"html": "t.{{id}}_text2"
				},
				"imagemodel": {
					"position": "center center"
				},
				"nav": {
					"event": "tap",
					"disabled": false,
					"slide": ""
				}
			},
			{
				"text": {
					"html": "t.{{id}}_text3"
				},
				"imagemodel": {
					"position": "center center"
				},
				"nav": {
					"event": "tap",
					"disabled": false,
					"slide": ""
				}
			},
			{
				"text": {
					"html": "t.{{id}}_text4"
				},
				"imagemodel": {
					"position": "center center"
				},
				"nav": {
					"event": "tap",
					"disabled": false,
					"slide": ""
				}
			},
			{
				"text": {
					"html": "t.{{id}}_text5"
				},
				"imagemodel": {
					"position": "center center"
				},
				"nav": {
					"event": "tap",
					"disabled": false,
					"slide": ""
				}
			}
		]
	}
}